{
    "age": {
        "not answered": 0.0065359477124183009, 
        "36 to 45": 0.16339869281045752, 
        "over 45": 0.12418300653594772, 
        "26 to 35": 0.46405228758169936, 
        "18 to 25": 0.23529411764705882
    }, 
    "education": {
        "not answered": 0.1111111111111111, 
        "high school": 0.026143790849673203, 
        "bachelors degree": 0.5163398692810458, 
        "advanced degree": 0.28104575163398693, 
        "some college": 0.06535947712418301
    }, 
    "ethnicity": {
        "not answered": 0.10457516339869281, 
        "white": 0.54248366013071891, 
        "other": 0.019607843137254902, 
        "hispanic / latin": 0.032679738562091505, 
        "Indicated 2 or more ethnicities": 0.091503267973856203, 
        "black": 0.052287581699346407, 
        "asian": 0.15686274509803921
    }, 
    "height": {
        "over 6'": 0.16339869281045752, 
        "not answered": 0.013071895424836602, 
        "5'6 to 5'11": 0.60130718954248363, 
        "5' to 5'5": 0.21568627450980393, 
        "under 5'": 0.0065359477124183009
    }, 
    "bodytype": {
        "not answered": 0.098039215686274508, 
        "ripped": 0.43790849673202614, 
        "thin": 0.06535947712418301, 
        "average": 0.22222222222222221, 
        "a little extra": 0.17647058823529413
    }, 
    "ethnicity_2ormore": {
        "pacific islander, hispanic / latin, white": 0.0065359477124183009, 
        "middle eastern, hispanic / latin": 0.0065359477124183009, 
        "asian, middle eastern, native american, pacific islander, other": 0.0065359477124183009, 
        "hispanic / latin, other": 0.0065359477124183009, 
        "asian, white": 0.0065359477124183009, 
        "pacific islander, white": 0.0065359477124183009, 
        "hispanic / latin, white": 0.013071895424836602, 
        "black, white": 0.0065359477124183009, 
        "asian, native american, white": 0.0065359477124183009, 
        "black, hispanic / latin": 0.013071895424836602, 
        "asian, pacific islander, white": 0.013071895424836602
    }
}